State,District,Grade,Overall,"Categories - 1.
Outcome (290)",Categories - 2. ECT (90),"Categories - 3.
IF&SE (51)","Categories - 4.
SS&CP (35)",Categories - 5. DL (50),Categories - 6. GP (84)
Andaman & Nicobar Islands,South Andamans,Prachesta-1,334,133,75,27,25,27,47
Andaman & Nicobar Islands,"Middle And North
Andamans",Prachesta-1,322,138,73,25,25,19,43
Andaman & Nicobar Islands,Nicobars,Prachesta-1,303,130,72,29,24,18,30
Andhra Pradesh,Vizianagaram,Prachesta-1,341,131,66,34,25,23,61
Andhra Pradesh,Guntur,Prachesta-1,336,134,69,37,26,24,46
Andhra Pradesh,Anakapalli,Prachesta-1,334,134,69,33,27,22,49
Andhra Pradesh,Visakhapatnam,Prachesta-1,333,132,70,38,26,28,39
Andhra Pradesh,Krishna,Prachesta-1,333,118,68,38,27,23,59
Andhra Pradesh,East Godavari,Prachesta-1,330,132,68,37,25,24,45
Andhra Pradesh,Kakinada,Prachesta-1,327,129,67,37,25,24,44
Andhra Pradesh,YSR Kadapa,Prachesta-1,326,126,66,35,27,22,50
Andhra Pradesh,Palnadu,Prachesta-1,326,130,68,35,27,22,44
Andhra Pradesh,NTR,Prachesta-1,322,115,68,37,27,26,49
Andhra Pradesh,Bapatla,Prachesta-1,320,132,66,36,24,19,45
Andhra Pradesh,Dr. B.R. Ambedkar Konaseema,Prachesta-1,315,127,64,35,24,19,46
Andhra Pradesh,Chittoor,Prachesta-1,313,124,67,32,24,19,46
Andhra Pradesh,Alluri Sitharama Raju,Prachesta-1,312,131,61,32,24,14,48
Andhra Pradesh,"Parvathipuram
Manyam",Prachesta-1,311,131,63,32,25,15,44
Andhra Pradesh,Prakasam,Prachesta-1,311,112,66,37,26,22,48
Andhra Pradesh,West Godavari,Prachesta-1,309,118,65,37,23,21,45
Andhra Pradesh,"Sri Potti Sriramulu
Nellore",Prachesta-1,308,117,66,36,25,20,43
Andhra Pradesh,Srikakulam,Prachesta-1,308,120,64,36,24,18,46
Andhra Pradesh,Tirupati,Prachesta-1,308,122,65,33,25,20,43
Andhra Pradesh,Annamayya,Prachesta-1,307,124,65,35,24,19,41
Andhra Pradesh,Eluru,Prachesta-1,305,118,64,36,22,19,45
Andhra Pradesh,Ananthapuramu,Prachesta-1,304,113,67,36,25,21,41
Andhra Pradesh,Kurnool,Prachesta-1,302,104,64,32,22,22,57
Andhra Pradesh,Sri Sathyasai,Prachesta-2,299,115,65,35,24,18,43
Andhra Pradesh,Nandyal,Prachesta-2,295,110,64,33,23,20,44
Arunachal Pradesh,Lower Subansiri,Prachesta-2,266,110,49,22,16,14,53
Arunachal Pradesh,East Siang,Prachesta-2,259,120,47,16,18,12,46
Arunachal Pradesh,Lepa Rada,Prachesta-2,247,103,37,18,10,13,66
Arunachal Pradesh,Itanagar Capital Complex,Prachesta-2,247,112,42,10,12,20,51
Arunachal Pradesh,Namsai,Prachesta-3,236,103,41,17,8,7,60
Arunachal Pradesh,Lower Dibang Valley,Prachesta-3,235,99,47,16,13,14,46
Arunachal Pradesh,Anjaw,Prachesta-3,233,99,46,20,6,4,57
Arunachal Pradesh,Tirap,Prachesta-3,231,100,40,16,8,11,55
Arunachal Pradesh,Tawang,Prachesta-3,228,101,41,15,6,15,50
Arunachal Pradesh,Upper Siang,Prachesta-3,227,107,31,17,6,8,59
Arunachal Pradesh,Lower Siang,Prachesta-3,223,92,44,9,11,6,61
Arunachal Pradesh,West Kameng,Prachesta-3,223,94,37,15,9,13,55
Arunachal Pradesh,Dibang Valley,Prachesta-3,218,102,47,20,10,12,26
Arunachal Pradesh,East Kameng,Prachesta-3,216,91,42,10,8,10,55
Arunachal Pradesh,Kamle,Prachesta-3,216,112,28,10,2,6,59
Arunachal Pradesh,Lohit,Prachesta-3,215,98,48,15,8,10,36
Arunachal Pradesh,Papum Pare,Prachesta-3,213,104,30,11,6,10,52
Arunachal Pradesh,Kra Daadi,Prachesta-3,210,100,34,19,4,3,49
Arunachal Pradesh,West Siang,Prachesta-3,208,100,32,9,6,8,53
Arunachal Pradesh,Changlang,Prachesta-3,207,92,43,11,7,9,45
Arunachal Pradesh,Kurung Kumey,Prachesta-3,202,83,40,9,12,8,50
Arunachal Pradesh,Siang,Prachesta-3,200,89,30,11,10,8,51
Arunachal Pradesh,Upper Subansiri,Prachesta-3,194,86,28,12,7,5,57
Arunachal Pradesh,Shi Yomi,Prachesta-3,186,90,27,11,10,5,43
Arunachal Pradesh,Pakke Kessang,Prachesta-3,182,91,32,9,6,6,37
Arunachal Pradesh,Longding,Akanshi-1,169,69,26,8,9,9,47
Assam,Jorhat,Prachesta-1,344,147,67,35,18,10,67
Assam,Majuli,Prachesta-1,339,147,66,34,17,7,68
Assam,Kamrup-Metro,Prachesta-1,339,156,62,36,15,14,55
Assam,Sivasagar,Prachesta-1,337,147,68,35,17,12,57
Assam,Charaideo,Prachesta-1,334,133,68,38,19,13,63
Assam,Nalbari,Prachesta-1,329,147,60,36,16,6,65
Assam,Baksa,Prachesta-1,329,129,66,32,18,12,71
Assam,Goalpara,Prachesta-1,324,126,70,37,21,8,63
Assam,Kamrup,Prachesta-1,324,131,69,33,18,9,64
Assam,Dhemaji,Prachesta-1,316,141,63,34,18,7,54
Assam,Dima Hasao,Prachesta-1,315,127,59,33,19,6,70
Assam,Tamulpur,Prachesta-1,314,123,65,32,15,11,67
Assam,Golaghat,Prachesta-1,312,118,67,34,17,14,62
Assam,Bajali,Prachesta-1,310,128,66,32,17,6,60
Assam,Dibrugarh,Prachesta-1,307,119,63,35,18,10,62
Assam,Hojai,Prachesta-1,304,116,66,34,16,10,63
Assam,Tinsukia,Prachesta-1,303,112,67,35,18,12,59
Assam,Morigaon,Prachesta-1,302,127,60,36,15,7,58
Assam,Bongaigaon,Prachesta-1,301,124,61,34,15,7,59
Assam,Nagaon,Prachesta-1,300,115,64,35,17,7,63
Assam,Barpeta,Prachesta-2,299,132,59,32,14,6,56
Assam,Lakhimpur,Prachesta-2,297,126,59,31,15,6,59
Assam,Darrang,Prachesta-2,296,112,63,34,16,11,60
Assam,Cachar,Prachesta-2,294,119,60,32,16,7,60
Assam,Sonitpur,Prachesta-2,292,116,61,33,18,9,54
Assam,South Salmara- Mankachar,Prachesta-2,291,125,55,33,13,4,61
Assam,Hailakandi,Prachesta-2,289,129,55,31,9,5,60
Assam,Udalguri,Prachesta-2,289,119,58,33,15,5,60
Assam,Dhubri,Prachesta-2,287,118,58,30,15,5,61
Assam,Biswanath,Prachesta-2,287,110,65,33,19,7,52
Assam,Kokrajhar,Prachesta-2,283,117,61,28,13,5,59
Assam,Sribhumi,Prachesta-2,275,107,54,31,14,6,62
Assam,Karbi Anglong,Prachesta-2,274,96,59,33,12,7,67
Assam,Chirang,Prachesta-2,274,97,60,33,13,6,66
Assam,West Karbi Anglong,Prachesta-2,270,95,56,31,14,7,68
Bihar,Nalanda,Prachesta-2,268,132,45,23,15,8,45
Bihar,Sheikhpura,Prachesta-2,265,110,52,28,19,8,48
Bihar,Patna,Prachesta-2,263,139,37,20,13,10,45
Bihar,Jehanabad,Prachesta-2,262,125,39,23,12,7,56
Bihar,Arwal,Prachesta-2,259,130,44,22,12,6,45
Bihar,Bhojpur,Prachesta-2,257,132,38,22,12,7,46
Bihar,Munger,Prachesta-2,253,123,44,15,14,7,50
Bihar,Vaishali,Prachesta-2,253,116,48,23,15,7,44
Bihar,Siwan,Prachesta-2,253,124,49,20,16,6,38
Bihar,Begusarai,Prachesta-2,250,118,44,24,11,7,46
Bihar,Samastipur,Prachesta-2,248,124,40,21,13,5,45
Bihar,Buxar,Prachesta-2,247,121,43,25,15,7,37
Bihar,Darbhanga,Prachesta-2,247,120,36,21,15,5,49
Bihar,Jamui,Prachesta-2,244,103,54,24,16,6,42
Bihar,Rohtas,Prachesta-2,243,118,38,24,12,4,46
Bihar,Lakhisarai,Prachesta-2,242,107,37,26,11,7,54
Bihar,Kaimur (Bhabua),Prachesta-2,241,120,45,20,12,5,39
Bihar,Bhagalpur,Prachesta-3,240,108,40,22,12,7,51
Bihar,Nawada,Prachesta-3,238,111,34,23,11,6,54
Bihar,Muzaffarpur,Prachesta-3,236,121,31,17,12,6,50
Bihar,Khagaria,Prachesta-3,236,108,37,18,13,4,55
Bihar,Pashchim Champaran,Prachesta-3,235,106,42,20,13,6,49
Bihar,Saran,Prachesta-3,234,122,34,20,9,5,44
Bihar,Gaya,Prachesta-3,232,107,37,22,12,7,47
Bihar,Madhubani,Prachesta-3,232,116,35,21,11,4,45
Bihar,Gopalganj,Prachesta-3,231,122,31,17,9,4,48
Bihar,Supaul,Prachesta-3,231,113,39,23,10,4,42
Bihar,Banka,Prachesta-3,230,105,46,22,16,4,37
Bihar,Sitamarhi,Prachesta-3,227,114,34,17,11,4,46
Bihar,Sheohar,Prachesta-3,226,104,39,13,9,6,55
Bihar,Purba Champaran,Prachesta-3,221,114,34,13,13,3,44
Bihar,Saharsa,Prachesta-3,217,99,31,19,10,4,53
Bihar,Katihar,Prachesta-3,216,108,37,15,11,5,40
Bihar,Madhepura,Prachesta-3,216,107,32,15,9,4,50
Bihar,Aurangabad (Bihar),Prachesta-3,216,110,33,17,9,4,43
Bihar,Purnia,Prachesta-3,211,99,37,23,13,5,35
Bihar,Kishanganj,Prachesta-3,210,96,39,17,12,3,44
Bihar,Araria,Prachesta-3,196,86,38,20,9,5,38
Chandigarh,Chandigarh,Uttam-3,412,170,82,36,25,37,62
Chhattisgarh,Mahasamund,Prachesta-1,311,133,64,36,26,15,37
Chhattisgarh,Balod,Prachesta-1,304,120,61,37,24,11,51
Chhattisgarh,Durg,Prachesta-1,302,123,59,34,21,17,49
Chhattisgarh,Raipur,Prachesta-1,301,111,69,34,20,20,47
Chhattisgarh,Surajpur,Prachesta-1,301,129,60,35,21,9,47
Chhattisgarh,"Mohla-Manpur-
Ambagarh Chowki",Prachesta-2,296,107,61,34,25,19,51
Chhattisgarh,Rajnandgaon,Prachesta-2,292,106,61,35,24,18,48
Chhattisgarh,Raigarh,Prachesta-2,291,116,58,34,23,11,49
Chhattisgarh,North Bastar Kanker,Prachesta-2,290,116,58,35,26,9,47
Chhattisgarh,"Balrampur-
Ramanujganj",Prachesta-2,289,108,60,36,23,10,51
Chhattisgarh,Bilaspur,Prachesta-2,288,109,62,33,21,15,47
Chhattisgarh,Dhamtari,Prachesta-2,287,107,62,36,24,14,43
Chhattisgarh,"Gaurela-Pendra-
Marwahi",Prachesta-2,283,104,66,34,23,13,43
Chhattisgarh,Jashpur,Prachesta-2,283,102,64,36,25,10,46
Chhattisgarh,Gariaband,Prachesta-2,282,111,57,34,22,12,45
Chhattisgarh,"Khairagarh-
Chhuikhadan-Gandai",Prachesta-2,281,103,61,33,26,12,46
Chhattisgarh,Korba,Prachesta-2,280,112,58,32,20,9,49
Chhattisgarh,Kabirdham,Prachesta-2,279,94,60,33,22,13,56
Chhattisgarh,Korea,Prachesta-2,278,99,61,35,22,8,53
Chhattisgarh,Surguja,Prachesta-2,277,109,55,33,20,10,50
Chhattisgarh,Janjgir - Champa,Prachesta-2,276,94,63,34,25,16,44
Chhattisgarh,Kondagaon,Prachesta-2,271,98,56,38,22,12,45
Chhattisgarh,Sarangarh-Bilaigarh,Prachesta-2,269,104,55,32,22,9,46
Chhattisgarh,"Manendragarh-
Chirmiri-Bharatpur",Prachesta-2,268,98,56,36,21,11,45
Chhattisgarh,Mungeli,Prachesta-2,268,93,61,34,22,12,46
Chhattisgarh,Baster,Prachesta-2,267,99,56,35,22,9,44
Chhattisgarh,Dantewada,Prachesta-2,266,101,57,38,20,12,38
Chhattisgarh,Sakti,Prachesta-2,264,90,61,31,27,14,41
Chhattisgarh,Bijapur,Prachesta-2,263,84,60,41,28,13,37
Chhattisgarh,"Balodabazar-
Bhatapara",Prachesta-2,262,101,58,32,19,11,40
Chhattisgarh,Bemetara,Prachesta-2,256,92,59,29,22,12,42
Chhattisgarh,Sukma,Prachesta-3,237,80,48,34,21,5,50
Chhattisgarh,Narayanpur,Prachesta-3,235,81,52,34,15,5,49
Dadra & Nagar Haveli and Daman & Diu,Dadra And Nagar Haveli (Dist),Prachesta-1,352,121,68,39,25,35,64
Dadra & Nagar Haveli and Daman & Diu,Diu (Dist),Prachesta-1,337,119,78,33,24,37,45
Dadra & Nagar Haveli and Daman & Diu,Daman (Dist),Prachesta-1,306,115,67,32,22,33,38
Delhi,New Delhi,Uttam-3,387,139,81,40,32,34,62
Delhi,South,Uttam-3,384,136,77,39,32,39,61
Delhi,North West B-II,Uttam-3,375,132,79,41,34,33,56
Delhi,South West B-I,Uttam-3,369,126,77,36,32,35,63
Delhi,North West B-I,Uttam-3,368,126,79,41,33,32,56
Delhi,South West A,Uttam-3,368,133,78,34,31,35,56
Delhi,South East,Uttam-3,365,120,76,40,32,35,62
Delhi,South West B-II,Uttam-3,364,130,77,36,27,34,60
Delhi,East,Uttam-3,363,127,75,35,32,34,60
Delhi,North West A,Uttam-3,362,121,77,41,33,31,58
Delhi,West B,Uttam-3,360,124,76,36,31,33,60
Delhi,North,Prachesta-1,354,127,77,38,31,30,52
Delhi,West A,Prachesta-1,348,111,77,36,32,33,59
Delhi,Central,Prachesta-1,347,125,76,34,31,30,53
Delhi,North East II,Prachesta-1,326,101,75,36,32,28,53
Delhi,North East I,Prachesta-1,322,97,72,37,33,27,56
Goa,South Goa,Prachesta-1,316,138,62,33,16,24,43
Goa,North Goa,Prachesta-1,313,125,65,33,19,26,46
Gujarat,Narmada,Prachesta-1,355,158,70,31,25,29,43
Gujarat,Mahesana,Prachesta-1,343,136,69,34,23,33,47
Gujarat,Vadodara,Prachesta-1,338,141,67,32,21,31,46
Gujarat,Junagadh,Prachesta-1,335,138,66,31,22,29,49
Gujarat,Mahisagar,Prachesta-1,333,141,66,32,23,27,44
Gujarat,Chhotaudepur,Prachesta-1,333,146,63,31,24,28,41
Gujarat,Navsari,Prachesta-1,331,130,69,33,22,31,46
Gujarat,Panch Mahals,Prachesta-1,331,135,66,32,24,29,45
Gujarat,Anand,Prachesta-1,330,125,69,34,23,31,48
Gujarat,Aravalli,Prachesta-1,330,138,67,32,23,28,42
Gujarat,Gandhinagar,Prachesta-1,328,135,65,31,21,31,44
Gujarat,Sabar Kantha,Prachesta-1,327,129,68,34,23,30,43
Gujarat,Surat,Prachesta-1,326,129,65,31,22,32,46
Gujarat,Tapi,Prachesta-1,324,123,67,34,24,26,48
Gujarat,Botad,Prachesta-1,323,119,73,31,23,34,44
Gujarat,Gir Somnath,Prachesta-1,321,121,69,29,23,30,49
Gujarat,Dang,Prachesta-1,320,127,65,31,24,24,48
Gujarat,Valsad,Prachesta-1,320,129,65,32,21,28,43
Gujarat,Rajkot,Prachesta-1,320,124,67,31,21,31,45
Gujarat,Kheda,Prachesta-1,320,122,66,33,22,32,45
Gujarat,Bharuch,Prachesta-1,316,127,63,33,21,28,44
Gujarat,Banas Kantha,Prachesta-1,316,115,67,32,23,32,48
Gujarat,Ahmedabad,Prachesta-1,315,130,64,29,19,30,43
Gujarat,Bhavnagar,Prachesta-1,313,118,68,29,22,33,43
Gujarat,Amreli,Prachesta-1,313,112,70,32,23,32,44
Gujarat,Dohad,Prachesta-1,312,123,63,29,23,28,46
Gujarat,Patan,Prachesta-1,311,111,69,32,23,31,44
Gujarat,Porbandar,Prachesta-1,310,114,68,31,22,30,45
Gujarat,Surendranagar,Prachesta-1,309,111,71,28,23,33,42
Gujarat,Morbi,Prachesta-1,308,112,70,28,20,31,47
Gujarat,Devbhumi Dwarka,Prachesta-1,307,113,67,30,22,31,45
Gujarat,Jamnagar,Prachesta-1,304,115,65,26,21,30,47
Gujarat,Kachchh,Prachesta-2,300,106,66,30,21,31,45
Haryana,Gurugram,Prachesta-1,354,159,69,31,20,27,48
Haryana,Panchkula,Prachesta-1,350,147,69,37,21,22,53
Haryana,Jhajjar,Prachesta-1,349,156,67,30,18,24,53
Haryana,Rewari,Prachesta-1,348,161,70,32,21,19,46
Haryana,Mahendragarh,Prachesta-1,346,167,65,28,19,17,51
Haryana,Rohtak,Prachesta-1,337,144,68,34,20,25,47
Haryana,Sonipat,Prachesta-1,332,146,68,30,20,22,46
Haryana,Yamunanagar,Prachesta-1,331,146,70,32,21,16,45
Haryana,Charkhi Dadri,Prachesta-1,329,136,71,31,20,20,50
Haryana,Faridabad,Prachesta-1,329,138,72,28,18,27,45
Haryana,Bhiwani,Prachesta-1,328,141,71,31,20,18,48
Haryana,Panipat,Prachesta-1,326,138,67,29,19,23,50
Haryana,Kurukshetra,Prachesta-1,325,139,70,30,21,18,47
Haryana,Jind,Prachesta-1,323,138,70,32,20,20,43
Haryana,Hisar,Prachesta-1,322,138,68,29,18,21,47
Haryana,Kaithal,Prachesta-1,321,130,70,31,20,21,49
Haryana,Fatehabad,Prachesta-1,317,129,69,33,18,20,47
Haryana,Karnal,Prachesta-1,315,129,72,30,20,20,44
Haryana,Ambala,Prachesta-1,314,126,69,33,18,19,49
Haryana,Sirsa,Prachesta-1,308,122,71,34,18,20,43
Haryana,Palwal,Prachesta-2,295,118,64,31,17,17,48
Haryana,Nuh,Prachesta-2,259,97,65,29,23,13,33
Himachal Pradesh,Kangra,Prachesta-1,332,141,62,37,18,16,59
Himachal Pradesh,Solan,Prachesta-1,327,132,63,35,20,19,58
Himachal Pradesh,Una,Prachesta-1,325,125,67,34,22,19,58
Himachal Pradesh,Shimla,Prachesta-1,323,132,64,33,17,18,59
Himachal Pradesh,Hamirpur (H.P.),Prachesta-1,320,125,66,33,20,17,60
Himachal Pradesh,Mandi,Prachesta-1,319,129,61,36,18,14,62
Himachal Pradesh,Bilaspur (H.P.),Prachesta-1,318,127,64,36,18,14,58
Himachal Pradesh,Kullu,Prachesta-1,314,121,66,33,20,16,58
Himachal Pradesh,Sirmaur,Prachesta-1,303,124,60,34,17,12,56
Himachal Pradesh,Chamba,Prachesta-1,302,115,63,33,18,16,57
Himachal Pradesh,Kinnaur,Prachesta-2,298,109,64,24,18,26,56
Himachal Pradesh,Lahul & Spiti,Prachesta-2,274,118,59,27,17,15,38
Jammu & Kashmir,Srinagar,Prachesta-1,354,168,69,28,15,19,57
Jammu & Kashmir,Anantnag,Prachesta-1,341,164,67,27,13,12,57
Jammu & Kashmir,Pulwama,Prachesta-1,341,156,70,28,15,11,59
Jammu & Kashmir,Jammu,Prachesta-1,332,159,63,28,12,16,54
Jammu & Kashmir,Shopian,Prachesta-1,329,146,68,27,15,15,58
Jammu & Kashmir,Badgam,Prachesta-1,313,141,67,26,12,12,55
Jammu & Kashmir,Samba,Prachesta-1,305,134,63,30,15,15,47
Jammu & Kashmir,Bandipora,Prachesta-1,304,130,65,27,12,13,55
Jammu & Kashmir,Baramulla,Prachesta-2,299,131,65,27,12,11,53
Jammu & Kashmir,Ganderbal,Prachesta-2,298,124,66,27,13,12,56
Jammu & Kashmir,Kulgam,Prachesta-2,296,125,67,27,10,12,55
Jammu & Kashmir,Kupwara,Prachesta-2,293,122,64,28,12,9,57
Jammu & Kashmir,Kathua,Prachesta-2,291,131,59,29,9,10,53
Jammu & Kashmir,Udhampur,Prachesta-2,281,131,54,25,7,9,54
Jammu & Kashmir,Punch,Prachesta-2,268,118,57,22,11,8,52
Jammu & Kashmir,Doda,Prachesta-2,266,113,58,24,7,7,56
Jammu & Kashmir,Kishtwar,Prachesta-2,265,115,63,24,6,7,51
Jammu & Kashmir,Rajouri,Prachesta-2,259,99,56,25,9,9,61
Jammu & Kashmir,Reasi,Prachesta-2,252,96,58,26,7,7,59
Jammu & Kashmir,Ramban,Prachesta-2,246,96,60,23,12,7,47
Jharkhand,Purbi Singhbhum,Prachesta-2,296,132,62,29,11,14,50
Jharkhand,Bokaro,Prachesta-2,285,133,61,27,12,12,42
Jharkhand,Deoghar,Prachesta-2,274,120,63,30,14,8,39
Jharkhand,Ranchi,Prachesta-2,273,122,55,29,10,12,46
Jharkhand,Saraikela-Kharsawan,Prachesta-2,271,121,57,29,14,9,41
Jharkhand,Hazaribag,Prachesta-2,265,125,54,25,11,11,39
Jharkhand,Ramgarh,Prachesta-2,262,111,60,26,14,13,39
Jharkhand,Kodarma,Prachesta-2,261,112,59,25,14,10,40
Jharkhand,Dhanbad,Prachesta-2,260,121,53,26,9,10,41
Jharkhand,Giridih,Prachesta-2,259,121,56,27,15,7,34
Jharkhand,Lohardaga,Prachesta-2,259,105,64,28,13,10,39
Jharkhand,Pashchimi Singhbhum,Prachesta-2,253,98,63,30,11,8,42
Jharkhand,Simdega,Prachesta-2,249,99,62,27,12,9,41
Jharkhand,Pakur,Prachesta-2,244,106,55,27,11,8,37
Jharkhand,Khunti,Prachesta-3,237,96,57,27,11,7,40
Jharkhand,Dumka,Prachesta-3,237,107,49,28,8,6,38
Jharkhand,Godda,Prachesta-3,233,105,50,22,10,7,38
Jharkhand,Chatra,Prachesta-3,232,97,54,26,12,7,36
Jharkhand,Jamtara,Prachesta-3,229,99,56,22,12,6,34
Jharkhand,Latehar,Prachesta-3,223,88,54,27,10,8,35
Jharkhand,Palamu,Prachesta-3,221,99,50,22,11,7,32
Jharkhand,Sahibganj,Prachesta-3,218,87,51,27,10,7,37
Jharkhand,Gumla,Prachesta-3,215,84,50,26,10,6,40
Jharkhand,Garhwa,Prachesta-3,210,108,37,24,7,5,28
Karnataka,Dakshina Kannada,Prachesta-1,335,142,63,36,21,25,47
Karnataka,Belagavi Chikkodi,Prachesta-1,333,160,57,31,19,18,47
Karnataka,Kodagu,Prachesta-1,320,132,60,37,20,17,52
Karnataka,Udupi,Prachesta-1,319,133,62,36,21,21,45
Karnataka,Bengaluru Urban South,Prachesta-1,316,133,58,32,19,28,47
Karnataka,Bengaluru Urban North,Prachesta-1,315,128,62,32,20,27,46
Karnataka,Uttara Kannada,Prachesta-1,314,147,51,36,17,12,51
Karnataka,Hassan,Prachesta-1,312,148,55,34,20,11,44
Karnataka,Mysuru,Prachesta-1,311,118,63,36,23,22,49
Karnataka,Bagalkote,Prachesta-1,307,144,54,31,15,16,47
Karnataka,Tumakuru Madhugiri,Prachesta-1,306,132,54,34,18,12,56
Karnataka,Tumakuru,Prachesta-1,306,142,50,34,18,12,49
Karnataka,Uttara Kannada Sirsi,Prachesta-1,304,145,51,36,15,10,47
Karnataka,Chikkamangaluru,Prachesta-1,302,132,56,32,18,14,50
Karnataka,Koppal,Prachesta-1,301,149,49,31,14,13,45
Karnataka,Bengaluru Rural,Prachesta-1,301,129,56,33,19,18,45
Karnataka,Mandya,Prachesta-2,299,133,56,33,20,14,43
Karnataka,Chitradurga,Prachesta-2,298,135,51,34,16,14,47
Karnataka,Ballari,Prachesta-2,292,131,52,31,17,17,44
Karnataka,Dharwad,Prachesta-2,292,130,55,31,16,17,44
Karnataka,Chamarajanagar,Prachesta-2,292,122,54,35,16,14,50
Karnataka,Davanagere,Prachesta-2,290,122,56,33,17,14,49
Karnataka,Ramanagara,Prachesta-2,289,118,54,34,20,14,49
Karnataka,Gadag,Prachesta-2,287,120,57,31,17,19,42
Karnataka,Shivamogga,Prachesta-2,285,113,54,35,18,15,49
Karnataka,Chikkaballapura,Prachesta-2,282,114,53,34,19,11,51
Karnataka,Raichur,Prachesta-2,282,129,51,29,14,12,46
Karnataka,Vijayanagara,Prachesta-2,281,128,49,32,14,12,45
Karnataka,Kolar,Prachesta-2,281,118,50,34,16,12,51
Karnataka,Haveri,Prachesta-2,274,115,52,31,17,14,45
Karnataka,Vijayapura,Prachesta-2,274,120,51,30,16,13,45
Karnataka,Belagavi,Prachesta-2,272,111,54,31,17,12,46
Karnataka,Yadgiri,Prachesta-2,256,111,46,30,12,10,47
Karnataka,Kalaburagi,Prachesta-2,255,111,46,29,12,11,46
Karnataka,Bidar,Prachesta-2,253,114,44,28,11,10,46
Kerala,Ernakulam,Uttam-3,373,168,67,36,23,34,45
Kerala,Kollam,Uttam-3,369,153,72,38,28,33,45
Kerala,Thiruvananthapuram,Uttam-3,364,153,68,37,26,35,45
Kerala,Thrissur,Uttam-3,363,147,69,38,22,36,51
Kerala,Kannur,Prachesta-1,355,136,67,35,25,33,60
Kerala,Kottayam,Prachesta-1,351,148,66,35,24,33,45
Kerala,Wayanad,Prachesta-1,347,115,67,35,24,35,69
Kerala,Malappuram,Prachesta-1,346,139,67,36,25,34,46
Kerala,Alappuzha,Prachesta-1,339,138,66,35,24,32,44
Kerala,Idukki,Prachesta-1,337,132,68,36,25,33,44
Kerala,Pathanamthitta,Prachesta-1,335,133,66,36,22,30,47
Kerala,Palakkad,Prachesta-1,331,131,65,36,23,34,43
Kerala,Kozhikode,Prachesta-1,325,123,63,35,24,32,48
Kerala,Kasaragod,Prachesta-1,323,121,67,37,23,32,44
Ladakh,Leh (Ladakh),Prachesta-1,314,133,62,27,14,18,60
Ladakh,Kargil,Prachesta-2,271,119,52,25,9,11,56
Lakshadweep,Lakshadweep,Prachesta-1,318,123,71,32,21,31,41
Madhya Pradesh,Bhind,Prachesta-1,310,172,48,26,12,10,42
Madhya Pradesh,Damoh,Prachesta-1,309,176,47,23,16,9,37
Madhya Pradesh,Narsimhapur,Prachesta-1,308,155,50,30,13,12,48
Madhya Pradesh,Panna,Prachesta-1,306,170,45,28,12,7,45
Madhya Pradesh,Sidhi,Prachesta-1,305,164,45,26,11,9,50
Madhya Pradesh,Raisen,Prachesta-1,304,162,48,27,11,10,45
Madhya Pradesh,Sagar,Prachesta-2,295,150,50,27,14,11,42
Madhya Pradesh,Bhopal,Prachesta-2,293,138,50,25,11,19,50
Madhya Pradesh,Chhatarpur,Prachesta-2,293,160,46,28,11,9,39
Madhya Pradesh,Shahdol,Prachesta-2,287,141,49,29,13,8,47
Madhya Pradesh,Sehore,Prachesta-2,287,131,50,29,13,16,49
Madhya Pradesh,Jabalpur,Prachesta-2,286,136,48,28,11,12,50
Madhya Pradesh,Indore,Prachesta-2,285,129,48,25,12,20,50
Madhya Pradesh,Gwalior,Prachesta-2,285,133,49,26,13,16,48
Madhya Pradesh,Chhindwara,Prachesta-2,278,132,50,26,13,11,45
Madhya Pradesh,Betul,Prachesta-2,276,123,52,30,16,12,44
Madhya Pradesh,Neemuch,Prachesta-2,276,107,57,30,18,15,50
Madhya Pradesh,Vidisha,Prachesta-2,276,129,50,27,15,12,42
Madhya Pradesh,Niwari,Prachesta-2,274,149,40,25,7,4,48
Madhya Pradesh,Hoshangabad,Prachesta-2,273,125,50,28,12,13,46
Madhya Pradesh,Ujjain,Prachesta-2,273,124,47,26,11,12,54
Madhya Pradesh,Morena,Prachesta-2,272,137,44,28,11,7,44
Madhya Pradesh,Balaghat,Prachesta-2,271,127,47,31,11,9,46
Madhya Pradesh,Tikamgarh,Prachesta-2,271,144,42,24,9,7,45
Madhya Pradesh,Guna,Prachesta-2,271,132,42,29,9,9,49
Madhya Pradesh,Rajgarh,Prachesta-2,269,119,50,26,15,12,46
Madhya Pradesh,Dindori,Prachesta-2,265,122,44,31,10,8,50
Madhya Pradesh,Dewas,Prachesta-2,265,118,47,26,11,15,49
Madhya Pradesh,Khandwa,Prachesta-2,264,122,51,28,12,10,41
Madhya Pradesh,Mandsaur,Prachesta-2,261,112,51,26,11,11,48
Madhya Pradesh,Shajapur,Prachesta-2,260,113,48,28,13,12,47
Madhya Pradesh,Satna,Prachesta-2,258,119,47,25,12,9,47
Madhya Pradesh,Agar Malwa,Prachesta-2,257,113,45,27,11,10,52
Madhya Pradesh,Dhar,Prachesta-2,257,115,48,27,13,9,46
Madhya Pradesh,Seoni,Prachesta-2,257,107,48,29,13,14,46
Madhya Pradesh,Datia,Prachesta-2,257,123,47,24,13,8,42
Madhya Pradesh,Sheopur,Prachesta-2,256,134,41,28,11,6,38
Madhya Pradesh,Mandla,Prachesta-2,255,119,45,30,10,7,44
Madhya Pradesh,Katni,Prachesta-2,254,122,44,24,11,9,45
Madhya Pradesh,Harda,Prachesta-2,254,104,50,29,14,13,45
Madhya Pradesh,Ashoknagar,Prachesta-2,249,109,48,26,16,11,39
Madhya Pradesh,Rewa,Prachesta-2,246,110,41,24,11,8,51
Madhya Pradesh,Burhanpur,Prachesta-2,246,109,47,27,11,11,41
Madhya Pradesh,Umaria,Prachesta-2,244,108,45,25,11,9,46
Madhya Pradesh,Anuppur,Prachesta-2,243,107,45,25,10,7,49
Madhya Pradesh,Ratlam,Prachesta-2,243,101,47,25,12,11,47
Madhya Pradesh,Singrauli,Prachesta-2,240,110,40,25,9,9,47
Madhya Pradesh,Khargone,Prachesta-3,239,103,46,25,11,8,46
Madhya Pradesh,Shivpuri,Prachesta-3,239,117,42,24,9,6,40
Madhya Pradesh,Barwani,Prachesta-3,231,103,42,26,9,7,45
Madhya Pradesh,Alirajpur,Prachesta-3,210,85,45,27,9,6,38
Madhya Pradesh,Jhabua,Prachesta-3,194,75,38,24,9,7,41
Maharashtra,Kolhapur,Prachesta-1,345,161,58,23,21,30,52
Maharashtra,Satara,Prachesta-1,341,153,60,24,21,31,52
Maharashtra,Solapur,Prachesta-1,340,161,54,24,18,29,54
Maharashtra,Sangli,Prachesta-1,332,145,58,24,21,33,51
Maharashtra,Ahilyanagar,Prachesta-1,329,155,53,22,17,30,51
Maharashtra,Mumbai II,Prachesta-1,327,152,53,22,19,32,49
Maharashtra,Nagpur,Prachesta-1,325,141,59,24,20,28,54
Maharashtra,Washim,Prachesta-1,324,151,57,18,22,29,48
Maharashtra,Pune,Prachesta-1,324,146,56,23,20,31,48
Maharashtra,Jalgaon,Prachesta-1,323,135,59,23,20,30,57
Maharashtra,Nashik,Prachesta-1,322,143,58,22,20,29,50
Maharashtra,Sindhudurg,Prachesta-1,322,159,56,21,16,26,45
Maharashtra,Dharashiv,Prachesta-1,318,140,58,22,17,28,53
Maharashtra,Raigarh (Maharashtra),Prachesta-1,315,150,54,20,18,24,49
Maharashtra,Ratnagiri,Prachesta-1,313,145,54,24,14,25,50
Maharashtra,Amravati,Prachesta-1,311,129,60,24,19,27,52
Maharashtra,Wardha,Prachesta-1,309,131,56,24,18,27,53
Maharashtra,Hingoli,Prachesta-1,308,139,52,21,21,25,51
Maharashtra,Dhule,Prachesta-1,307,134,54,22,18,25,55
Maharashtra,Chandrapur,Prachesta-1,306,129,52,21,21,28,55
Maharashtra,Yavatmal,Prachesta-1,305,121,63,22,19,25,54
Maharashtra,Thane,Prachesta-1,304,131,58,21,20,30,43
Maharashtra,Latur,Prachesta-2,298,139,46,21,16,23,53
Maharashtra,Buldhana,Prachesta-2,296,134,51,20,16,24,51
Maharashtra,Jalna,Prachesta-2,296,128,55,19,18,26,50
Maharashtra,Chhatrapati Sambhajinagar,Prachesta-2,294,138,48,20,13,25,50
Maharashtra,Nanded,Prachesta-2,293,133,48,20,16,23,54
Maharashtra,Beed,Prachesta-2,292,131,49,19,14,25,55
Maharashtra,Nandurbar,Prachesta-2,290,135,50,18,16,22,49
Maharashtra,Gondia,Prachesta-2,290,135,50,24,14,23,45
Maharashtra,Akola,Prachesta-2,288,128,50,20,14,25,51
Maharashtra,Bhandara,Prachesta-2,286,121,54,21,18,23,50
Maharashtra,Palghar,Prachesta-2,281,123,53,22,17,23,43
Maharashtra,Gadchiroli,Prachesta-2,280,113,54,22,19,22,50
Maharashtra,Mumbai (Suburban),Prachesta-2,277,98,62,16,22,33,46
Maharashtra,Parbhani,Prachesta-2,276,124,47,18,14,23,50
Manipur,Imphal West,Prachesta-1,307,152,55,28,14,15,43
Manipur,Kakching,Prachesta-2,290,121,54,36,17,15,47
Manipur,Senapati,Prachesta-2,290,132,42,32,13,9,62
Manipur,Thoubal,Prachesta-2,274,130,43,28,9,11,54
Manipur,Imphal East,Prachesta-2,260,129,40,20,9,11,51
Manipur,Bishnupur,Prachesta-2,258,122,49,25,8,10,44
Manipur,Kangpokpi,Prachesta-2,250,126,31,24,9,7,53
Manipur,Churachandpur,Prachesta-2,249,118,31,32,9,8,50
Manipur,Tamenglong,Prachesta-2,243,111,43,34,10,5,40
Manipur,Chandel,Prachesta-3,238,121,38,22,15,4,37
Manipur,Ukhrul,Prachesta-3,226,110,27,26,7,10,47
Manipur,Kamjong,Prachesta-3,223,120,35,25,12,2,29
Manipur,Pherzawl,Prachesta-3,221,106,29,25,10,3,48
Manipur,Jiribam,Prachesta-3,212,108,36,22,9,7,30
Manipur,Tengnoupal,Prachesta-3,207,109,23,20,7,5,42
Manipur,Noney,Prachesta-3,191,103,22,19,9,5,33
Meghalaya,East Khasi Hills,Prachesta-3,229,110,42,17,6,8,47
Meghalaya,Eastern West Khasi Hills,Prachesta-3,203,101,32,13,3,4,51
Meghalaya,Ri Bhoi,Prachesta-3,201,83,40,18,7,4,48
Meghalaya,West Garo Hills,Prachesta-3,197,87,30,18,2,3,57
Meghalaya,East Garo Hills,Prachesta-3,195,77,31,22,4,3,57
Meghalaya,East Jaintia Hills,Prachesta-3,194,88,28,13,7,4,53
Meghalaya,West Jaintia Hills,Prachesta-3,191,85,34,18,3,3,48
Meghalaya,South Garo Hills,Prachesta-3,190,81,33,19,4,2,50
Meghalaya,West Khasi Hills,Prachesta-3,189,84,34,14,3,3,50
Meghalaya,South West Khasi Hills,Prachesta-3,187,85,35,18,3,2,43
Meghalaya,North Garo Hills,Prachesta-3,182,75,30,14,2,3,58
Meghalaya,South West Garo Hills,Prachesta-3,180,81,24,10,3,3,60
Mizoram,Aizawl,Prachesta-2,271,123,53,35,11,10,39
Mizoram,Champhai,Prachesta-2,268,114,55,32,12,10,44
Mizoram,Saitual,Prachesta-2,257,116,53,35,10,9,34
Mizoram,Serchhip,Prachesta-2,256,115,55,34,14,7,31
Mizoram,Mamit,Prachesta-2,254,113,55,32,11,7,35
Mizoram,Siaha,Prachesta-2,251,113,49,31,10,4,44
Mizoram,Kolasib,Prachesta-2,249,98,67,33,10,9,32
Mizoram,Lawngtlai,Prachesta-3,230,107,43,32,9,2,35
Mizoram,Khawzawl,Prachesta-3,225,104,52,32,8,6,23
Mizoram,Lunglei,Prachesta-3,224,97,48,30,6,8,35
Mizoram,Hnahthial,Prachesta-3,223,115,47,29,7,7,20
Nagaland,Mokokchung,Prachesta-1,313,135,58,31,8,20,61
Nagaland,Kohima,Prachesta-1,312,140,57,29,7,20,59
Nagaland,Dimapur,Prachesta-2,287,119,56,28,8,21,54
Nagaland,Longleng,Prachesta-2,275,105,48,29,12,13,68
Nagaland,Zunheboto,Prachesta-2,269,119,42,27,7,15,60
Nagaland,Wokha,Prachesta-2,267,112,49,25,6,15,59
Nagaland,Phek,Prachesta-2,262,110,50,26,6,17,54
Nagaland,Peren,Prachesta-2,251,97,56,28,8,14,48
Nagaland,Tuensang,Prachesta-2,248,102,47,23,5,14,57
Nagaland,Mon,Prachesta-3,236,89,46,25,6,16,55
Nagaland,Kiphire,Prachesta-3,235,94,41,23,6,13,59
Odisha,Jharsuguda,Uttam-3,383,145,74,38,29,34,63
Odisha,Nuapada,Prachesta-1,356,159,69,35,28,17,48
Odisha,Jagatsinghpur,Prachesta-1,352,159,69,38,23,19,43
Odisha,Angul,Prachesta-1,352,161,68,37,24,18,45
Odisha,Khordha,Prachesta-1,347,158,65,36,23,21,44
Odisha,Koraput,Prachesta-1,345,122,75,38,28,17,65
Odisha,Sundargarh,Prachesta-1,344,142,68,37,30,20,46
Odisha,Cuttack,Prachesta-1,339,156,65,34,22,18,42
Odisha,Nayagarh,Prachesta-1,338,144,70,36,26,19,44
Odisha,Dhenkanal,Prachesta-1,334,140,69,37,25,17,46
Odisha,Ganjam,Prachesta-1,332,137,71,37,26,20,40
Odisha,Sambalpur,Prachesta-1,330,130,69,38,27,25,40
Odisha,Kendrapara,Prachesta-1,324,141,64,35,22,15,48
Odisha,Kalahandi,Prachesta-1,323,145,62,35,25,15,42
Odisha,Bhadrak,Prachesta-1,323,136,65,35,26,16,45
Odisha,Sonepur,Prachesta-1,319,133,64,34,20,23,46
Odisha,Baragarh,Prachesta-1,317,137,64,35,22,18,42
Odisha,Malkangiri,Prachesta-1,310,113,72,39,27,15,44
Odisha,Balasore,Prachesta-1,310,134,62,35,21,15,43
Odisha,Deogarh,Prachesta-1,307,125,64,36,22,14,46
Odisha,Kendujhar,Prachesta-1,307,118,70,36,23,18,41
Odisha,Kandhamal,Prachesta-1,307,106,64,42,24,20,50
Odisha,Boudh,Prachesta-1,303,116,67,34,23,14,49
Odisha,Balangir,Prachesta-1,302,121,66,33,21,18,43
Odisha,Jajpur,Prachesta-1,301,133,58,33,19,14,44
Odisha,Puri,Prachesta-2,300,137,55,33,18,14,43
Odisha,Gajapati,Prachesta-2,298,120,61,36,23,17,40
Odisha,Mayurbhanj,Prachesta-2,296,104,72,35,28,16,41
Odisha,Nabarangpur,Prachesta-2,296,120,66,35,26,15,35
Odisha,Rayagada,Prachesta-2,267,94,58,35,25,12,42
Puducherry,Puducherry,Uttam-3,363,148,71,36,24,32,51
Puducherry,Mahe,Prachesta-1,352,134,74,38,20,35,50
Puducherry,Yanam,Prachesta-1,340,126,71,40,19,34,50
Puducherry,Karaikal,Prachesta-1,320,116,69,34,22,32,47
Punjab,Barnala,Uttam-2,424,197,74,36,20,34,63
Punjab,Sri Muktsar Sahib,Uttam-3,419,187,73,35,21,35,67
Punjab,"Shahid Bhagat Singh
Nagar",Uttam-3,402,162,74,36,26,37,66
Punjab,Bathinda,Uttam-3,397,183,72,34,18,34,56
Punjab,Moga,Uttam-3,396,176,74,35,21,36,53
Punjab,Firozpur,Uttam-3,395,192,71,34,17,30,52
Punjab,Ludhiana,Uttam-3,387,166,72,33,21,35,60
Punjab,Faridkot,Uttam-3,385,175,71,34,22,34,49
Punjab,Taran Taran,Uttam-3,385,182,71,33,18,31,50
Punjab,Patiala,Uttam-3,385,187,67,32,17,32,50
Punjab,Pathankot,Uttam-3,385,163,72,35,20,37,59
Punjab,Hoshiarpur,Uttam-3,383,169,72,35,21,34,53
Punjab,Amritsar,Uttam-3,383,180,68,34,18,31,52
Punjab,Mansa,Uttam-3,381,177,72,33,20,32,48
Punjab,Malerkotla,Uttam-3,377,168,70,33,19,36,51
Punjab,Sangrur,Uttam-3,374,168,70,33,19,33,52
Punjab,Fatehgarh Sahib,Uttam-3,374,163,70,36,20,32,52
Punjab,SAS Nagar,Uttam-3,373,167,71,33,18,32,52
Punjab,Fazilka,Uttam-3,371,159,73,34,21,31,53
Punjab,Rupnagar,Uttam-3,368,166,68,34,17,31,52
Punjab,Gurdaspur,Uttam-3,363,162,67,33,17,31,53
Punjab,Jalandhar,Uttam-3,362,158,69,33,18,33,51
Punjab,Kapurthala,Prachesta-1,359,154,70,33,17,34,50
Rajasthan,Dhaulpur,Uttam-3,364,202,53,26,17,14,52
Rajasthan,Didwana-Kuchaman,Prachesta-1,354,179,56,27,16,18,57
Rajasthan,Nagaur,Prachesta-1,350,177,55,27,17,17,58
Rajasthan,Ajmer,Prachesta-1,343,167,59,27,15,20,55
Rajasthan,Jhunjhunu,Prachesta-1,342,162,56,28,18,19,60
Rajasthan,Beawar,Prachesta-1,340,166,58,27,18,17,54
Rajasthan,Neem Ka Thana,Prachesta-1,339,161,56,28,18,17,60
Rajasthan,Dudu,Prachesta-1,339,163,56,28,16,16,60
Rajasthan,Sikar,Prachesta-1,339,163,55,27,17,18,58
Rajasthan,Churu,Prachesta-1,338,160,58,27,17,19,57
Rajasthan,Kekri,Prachesta-1,338,163,60,27,16,16,56
Rajasthan,Kotputli-Behror,Prachesta-1,337,160,55,29,16,18,59
Rajasthan,Dausa,Prachesta-1,336,169,54,27,15,13,59
Rajasthan,Bundi,Prachesta-1,336,169,57,28,15,14,53
Rajasthan,Jaipur (Rural),Prachesta-1,336,162,54,27,17,17,59
Rajasthan,Jaipur,Prachesta-1,335,163,57,27,14,25,49
Rajasthan,Ganganagar,Prachesta-1,332,150,59,30,16,20,57
Rajasthan,Shahpura,Prachesta-1,327,153,58,29,18,15,55
Rajasthan,Bhilwara,Prachesta-1,325,152,57,28,18,16,55
Rajasthan,Anoopgarh,Prachesta-1,325,148,56,28,16,16,60
Rajasthan,Kota,Prachesta-1,323,151,55,26,14,18,59
Rajasthan,Chittaurgarh,Prachesta-1,321,151,58,26,16,17,52
Rajasthan,Alwar,Prachesta-1,321,157,53,26,13,14,57
Rajasthan,Jhalawar,Prachesta-1,321,149,57,29,16,13,55
Rajasthan,Khairthal-Tijara,Prachesta-1,321,155,54,27,14,17,54
Rajasthan,Bharatpur,Prachesta-1,321,156,54,26,14,13,57
Rajasthan,Bikaner,Prachesta-1,318,152,53,25,14,18,56
Rajasthan,Rajsamand,Prachesta-1,318,148,58,26,18,17,51
Rajasthan,Balotara,Prachesta-1,317,151,56,25,17,14,54
Rajasthan,Jodhpur,Prachesta-1,317,144,55,24,14,25,55
Rajasthan,Pali,Prachesta-1,316,143,56,26,16,19,55
Rajasthan,Hanumangarh,Prachesta-1,316,135,59,28,17,21,56
Rajasthan,Tonk,Prachesta-1,314,150,55,25,14,13,57
Rajasthan,Deeg,Prachesta-1,313,154,53,25,14,12,54
Rajasthan,Pratapgarh (Raj.),Prachesta-1,312,157,50,27,16,12,50
Rajasthan,Jodhpur(Rural),Prachesta-1,310,140,55,26,16,17,57
Rajasthan,Barmer,Prachesta-1,310,149,55,25,17,13,50
Rajasthan,Karauli,Prachesta-1,305,146,52,24,13,12,57
Rajasthan,Sirohi,Prachesta-1,304,140,55,26,15,16,52
Rajasthan,Baran,Prachesta-1,301,146,46,25,14,12,57
Rajasthan,Phalodi,Prachesta-2,299,137,54,24,16,14,54
Rajasthan,Gangapur City,Prachesta-2,298,137,52,26,13,13,58
Rajasthan,Sawai Madhopur,Prachesta-2,296,139,52,25,13,14,54
Rajasthan,Jalor,Prachesta-2,292,124,55,26,17,17,54
Rajasthan,Sanchore,Prachesta-2,287,124,52,25,17,15,54
Rajasthan,Udaipur,Prachesta-2,287,126,51,26,16,15,54
Rajasthan,Banswara,Prachesta-2,283,132,45,25,13,11,56
Rajasthan,Dungarpur,Prachesta-2,282,124,50,25,14,14,54
Rajasthan,Jaisalmer,Prachesta-2,275,115,53,24,14,14,54
Rajasthan,Salumbar,Prachesta-2,274,125,47,24,14,13,51
Sikkim,Gangtok,Prachesta-1,320,129,66,34,14,23,54
Sikkim,Pakyong,Prachesta-1,315,122,68,31,15,23,57
Sikkim,Soreng,Prachesta-1,314,121,63,26,17,21,67
Sikkim,Namchi,Prachesta-1,312,117,61,33,13,20,67
Sikkim,Gyalshing,Prachesta-2,297,110,63,32,12,24,56
Sikkim,Mangan,Prachesta-2,290,111,65,35,11,20,48
Tamil Nadu,Perambalur,Prachesta-1,332,142,66,29,22,25,48
Tamil Nadu,Chennai (Ext. Gcc),Prachesta-1,322,116,75,28,22,26,55
Tamil Nadu,Kanniyakumari,Prachesta-1,317,119,70,29,22,25,51
Tamil Nadu,Coimbatore,Prachesta-1,312,120,67,25,22,27,51
Tamil Nadu,Erode,Prachesta-1,311,124,65,27,22,24,49
Tamil Nadu,Thanjavur,Prachesta-1,304,118,65,28,22,23,48
Tamil Nadu,Tirunelveli,Prachesta-1,302,114,66,28,22,21,52
Tamil Nadu,Madurai,Prachesta-1,302,114,67,25,22,23,51
Tamil Nadu,Dindigul,Prachesta-1,301,117,64,27,22,22,49
Tamil Nadu,Kancheepuram,Prachesta-1,301,110,66,27,22,25,50
Tamil Nadu,The Nilgiris,Prachesta-1,300,110,67,28,22,24,49
Tamil Nadu,Tiruchirappalli,Prachesta-2,300,111,66,28,22,23,49
Tamil Nadu,Salem,Prachesta-2,299,110,66,26,22,25,51
Tamil Nadu,Virudhunagar,Prachesta-2,298,112,65,28,22,22,49
Tamil Nadu,Chengalpattu,Prachesta-2,298,109,68,25,22,25,49
Tamil Nadu,Krishnagiri,Prachesta-2,298,114,64,27,22,24,46
Tamil Nadu,Vellore,Prachesta-2,298,111,66,28,22,22,49
Tamil Nadu,Tiruvarur,Prachesta-2,297,113,65,27,22,23,46
Tamil Nadu,Villupuram,Prachesta-2,297,111,64,28,22,25,47
Tamil Nadu,Tiruvallur,Prachesta-2,297,110,66,25,22,23,50
Tamil Nadu,Ariyalur,Prachesta-2,297,115,65,27,22,24,44
Tamil Nadu,Cuddalore,Prachesta-2,296,112,65,27,22,24,47
Tamil Nadu,Sivaganga,Prachesta-2,295,112,65,25,22,22,48
Tamil Nadu,Tirupathur,Prachesta-2,295,108,65,29,22,23,48
Tamil Nadu,Tiruppur,Prachesta-2,295,107,65,27,22,23,49
Tamil Nadu,Ranipet,Prachesta-2,294,110,65,28,22,23,46
Tamil Nadu,Thoothukkudi,Prachesta-2,294,109,65,27,22,21,50
Tamil Nadu,Dharmapuri,Prachesta-2,293,112,65,26,22,23,46
Tamil Nadu,Tiruvannamalai,Prachesta-2,292,107,65,26,22,24,48
Tamil Nadu,Kallakurichi,Prachesta-2,291,106,65,26,22,24,48
Tamil Nadu,Namakkal,Prachesta-2,289,102,65,28,22,24,49
Tamil Nadu,Nagapattinam,Prachesta-2,289,105,65,25,22,25,47
Tamil Nadu,Mayiladuthurai,Prachesta-2,288,106,65,25,22,23,48
Tamil Nadu,Tenkasi,Prachesta-2,288,102,65,28,22,22,49
Tamil Nadu,Karur,Prachesta-2,285,102,65,27,22,23,47
Tamil Nadu,Ramanathapuram,Prachesta-2,281,98,64,28,22,22,47
Tamil Nadu,Theni,Prachesta-2,280,89,66,29,22,23,50
Tamil Nadu,Pudukkottai,Prachesta-2,273,92,64,25,22,23,46
Telangana,Medchal Malkajgiri,Prachesta-2,284,118,47,27,18,25,49
Telangana,Rangareddy,Prachesta-2,278,120,46,28,13,21,50
Telangana,Hyderabad,Prachesta-2,277,115,48,31,14,24,47
Telangana,Siddipet,Prachesta-2,276,110,51,29,16,15,55
Telangana,Hanumakonda,Prachesta-2,275,122,45,29,12,16,52
Telangana,Jangaon,Prachesta-2,271,119,43,28,11,10,59
Telangana,Khammam,Prachesta-2,268,115,46,30,11,14,52
Telangana,Sangareddy,Prachesta-2,268,120,43,28,11,14,53
Telangana,Vikarabad,Prachesta-2,267,122,46,26,11,11,51
Telangana,Nalgonda,Prachesta-2,261,100,48,27,18,13,54
Telangana,Peddapalli,Prachesta-2,259,98,53,25,16,12,55
Telangana,Kamareddy,Prachesta-2,258,102,46,30,15,10,55
Telangana,Mancherial,Prachesta-2,256,105,44,29,11,12,55
Telangana,Yadadri Bhuvanagiri,Prachesta-2,256,102,45,30,11,12,55
Telangana,Rajanna Siricilla,Prachesta-2,255,104,45,30,9,12,55
Telangana,Karimnagar,Prachesta-2,254,105,44,30,8,14,54
Telangana,Jayashankar Bhupalapally,Prachesta-2,253,109,39,29,7,10,60
Telangana,Nizamabad,Prachesta-2,253,102,45,29,9,13,54
Telangana,Jogulamba Gadwal,Prachesta-2,252,105,46,29,12,11,48
Telangana,Suryapet,Prachesta-2,251,110,41,27,10,9,53
Telangana,Jagtial,Prachesta-2,251,101,44,29,9,12,57
Telangana,Mahabubnagar,Prachesta-2,248,102,45,27,10,11,54
Telangana,Bhadradri Kothagudem,Prachesta-2,248,106,40,30,10,10,52
Telangana,Warangal,Prachesta-2,245,103,40,25,10,12,55
Telangana,Medak,Prachesta-2,244,97,43,29,10,9,56
Telangana,Narayanapet,Prachesta-3,240,100,44,26,12,11,47
Telangana,Nirmal,Prachesta-3,239,97,41,25,9,11,57
Telangana,Nagarkurnool,Prachesta-3,236,99,41,25,10,9,52
Telangana,Wanaparthy,Prachesta-3,234,97,41,27,7,10,51
Telangana,Mulugu,Prachesta-3,231,99,39,28,9,6,50
Telangana,Mahabubabad,Prachesta-3,229,95,37,27,9,8,54
Telangana,"Kumuram Bheem
Asifabad",Prachesta-3,224,94,37,26,7,7,52
Telangana,Adilabad,Prachesta-3,219,89,35,28,8,8,50
Tripura,West Tripura,Prachesta-2,297,130,62,32,15,15,43
Tripura,Khowai,Prachesta-2,292,122,62,33,20,9,46
Tripura,South Tripura,Prachesta-2,290,139,56,31,15,8,41
Tripura,Sepahijala,Prachesta-2,287,124,56,30,14,9,54
Tripura,Gomati,Prachesta-2,273,125,48,29,13,8,50
Tripura,North Tripura,Prachesta-2,266,114,55,33,19,10,36
Tripura,Unakoti,Prachesta-2,262,117,55,29,12,10,39
Tripura,Dhalai,Prachesta-2,257,98,56,31,18,11,44
Uttar Pradesh,Gautam Buddha Nagar,Prachesta-1,309,137,55,27,15,22,53
Uttar Pradesh,Jhansi,Prachesta-2,299,127,67,28,22,14,42
Uttar Pradesh,Varanasi,Prachesta-2,292,134,53,28,13,16,48
Uttar Pradesh,Ghaziabad,Prachesta-2,288,126,53,23,14,22,50
Uttar Pradesh,Kanpur Dehat,Prachesta-2,276,130,53,22,11,6,53
Uttar Pradesh,Fatehpur,Prachesta-2,275,127,57,23,13,7,48
Uttar Pradesh,Chitrakoot,Prachesta-2,275,119,54,26,16,8,53
Uttar Pradesh,Gorakhpur,Prachesta-2,273,116,56,25,19,9,48
Uttar Pradesh,Baghpat,Prachesta-2,273,115,56,27,15,13,47
Uttar Pradesh,Faizabad,Prachesta-2,272,124,54,24,10,9,50
Uttar Pradesh,Ghazipur,Prachesta-2,271,116,56,26,15,10,48
Uttar Pradesh,Lucknow,Prachesta-2,271,116,51,27,13,16,49
Uttar Pradesh,Mathura,Prachesta-2,270,125,51,22,10,10,51
Uttar Pradesh,Hamirpur (U.P.),Prachesta-2,269,117,59,25,15,6,46
Uttar Pradesh,Hapur (Panchsheel Nagar),Prachesta-2,268,116,52,25,11,12,53
Uttar Pradesh,Bhadoi,Prachesta-2,267,114,58,26,15,10,44
Uttar Pradesh,Chandauli,Prachesta-2,267,118,56,22,14,10,48
Uttar Pradesh,Agra,Prachesta-2,266,110,56,21,14,14,50
Uttar Pradesh,Mirzapur,Prachesta-2,266,115,57,24,19,8,42
Uttar Pradesh,Kanpur Nagar,Prachesta-2,265,113,55,25,11,13,48
Uttar Pradesh,Shamli (Prabudh Nagar),Prachesta-2,264,112,56,25,12,12,46
Uttar Pradesh,Ambedkar Nagar,Prachesta-2,263,113,54,26,12,7,51
Uttar Pradesh,Jaunpur,Prachesta-2,262,118,52,23,12,9,49
Uttar Pradesh,Mahoba,Prachesta-2,262,108,55,25,16,9,48
Uttar Pradesh,Firozabad,Prachesta-2,261,105,55,26,16,12,47
Uttar Pradesh,Meerut,Prachesta-2,261,117,51,19,11,14,48
Uttar Pradesh,Rae Bareli,Prachesta-2,261,120,52,23,13,6,47
Uttar Pradesh,Barabanki,Prachesta-2,259,107,57,25,14,12,44
Uttar Pradesh,Bulandshahr,Prachesta-2,259,105,58,23,13,14,47
Uttar Pradesh,Farrukhabad,Prachesta-2,259,112,55,22,11,11,47
Uttar Pradesh,Deoria,Prachesta-2,259,117,51,24,11,7,49
Uttar Pradesh,Etawah,Prachesta-2,259,114,53,22,13,8,50
Uttar Pradesh,Prayagraj,Prachesta-2,258,111,53,25,13,9,46
Uttar Pradesh,Lalitpur,Prachesta-2,257,117,51,25,14,8,41
Uttar Pradesh,Saharanpur,Prachesta-2,257,113,53,22,11,10,48
Uttar Pradesh,Muzaffarnagar,Prachesta-2,257,107,55,23,14,10,48
Uttar Pradesh,Sant Kabir Nagar,Prachesta-2,256,119,51,22,10,7,47
Uttar Pradesh,Basti,Prachesta-2,256,116,52,23,12,5,48
Uttar Pradesh,Unnao,Prachesta-2,255,112,55,22,11,6,50
Uttar Pradesh,Sultanpur,Prachesta-2,255,113,58,19,14,8,43
Uttar Pradesh,Ballia,Prachesta-2,255,120,46,20,10,6,52
Uttar Pradesh,Amethi - Csm Nagar,Prachesta-2,254,106,54,23,12,9,51
Uttar Pradesh,Sonbhadra,Prachesta-2,254,107,52,25,13,8,47
Uttar Pradesh,Aligarh,Prachesta-2,253,118,50,22,9,8,46
Uttar Pradesh,Mau,Prachesta-2,253,116,46,22,11,8,50
Uttar Pradesh,Auraiya,Prachesta-2,252,116,49,22,10,7,48
Uttar Pradesh,Jalaun,Prachesta-2,252,118,48,22,9,7,48
Uttar Pradesh,Bijnor,Prachesta-2,252,104,56,24,12,8,48
Uttar Pradesh,Moradabad,Prachesta-2,252,103,54,23,12,11,49
Uttar Pradesh,Hathras,Prachesta-2,251,106,55,23,12,8,48
Uttar Pradesh,Siddharthnagar,Prachesta-2,251,121,49,21,9,6,45
Uttar Pradesh,Banda,Prachesta-2,251,102,56,24,16,7,47
Uttar Pradesh,Mainpuri,Prachesta-2,251,102,55,23,11,10,49
Uttar Pradesh,Etah,Prachesta-2,248,107,51,21,10,8,50
Uttar Pradesh,Azamgarh,Prachesta-2,247,112,50,20,12,9,44
Uttar Pradesh,Kaushambi,Prachesta-2,247,103,54,25,11,7,46
Uttar Pradesh,Shrawasti,Prachesta-2,246,94,59,26,20,9,38
Uttar Pradesh,Bareilly,Prachesta-2,244,93,56,22,12,14,47
Uttar Pradesh,Kannauj,Prachesta-2,244,100,53,22,12,7,51
Uttar Pradesh,Sambhal (Bhim Nagar),Prachesta-2,244,102,51,25,11,8,46
Uttar Pradesh,Jyotiba Phule Nagar (Amroha),Prachesta-2,244,111,49,19,9,7,48
Uttar Pradesh,Kheri,Prachesta-2,243,95,57,25,15,8,42
Uttar Pradesh,Pratapgarh,Prachesta-2,241,103,50,23,11,4,49
Uttar Pradesh,Pilibhit,Prachesta-3,240,98,56,24,13,6,42
Uttar Pradesh,Gonda,Prachesta-3,237,95,56,22,13,6,46
Uttar Pradesh,Rampur,Prachesta-3,237,99,52,22,10,9,45
Uttar Pradesh,Kushinagar,Prachesta-3,236,93,53,21,11,6,52
Uttar Pradesh,Sitapur,Prachesta-3,233,93,56,23,12,6,43
Uttar Pradesh,Maharajganj,Prachesta-3,233,98,50,20,10,7,48
Uttar Pradesh,Bahraich,Prachesta-3,233,97,55,22,12,6,41
Uttar Pradesh,Budaun,Prachesta-3,230,89,53,26,13,6,43
Uttar Pradesh,Kasganj,Prachesta-3,228,84,56,19,11,12,46
Uttar Pradesh,Hardoi,Prachesta-3,226,88,57,25,13,7,36
Uttar Pradesh,Shahjahanpur,Prachesta-3,220,91,53,23,10,6,38
Uttar Pradesh,Balrampur,Prachesta-3,211,74,49,25,10,6,48
Uttarakhand,Nainital,Prachesta-1,324,141,58,30,20,25,50
Uttarakhand,Dehradun,Prachesta-1,317,134,54,33,21,24,51
Uttarakhand,Pauri Garhwal,Prachesta-1,309,138,55,27,16,16,56
Uttarakhand,Bageshwar,Prachesta-1,304,123,58,31,21,15,55
Uttarakhand,Champawat,Prachesta-1,302,122,60,30,20,17,54
Uttarakhand,Chamoli,Prachesta-1,301,114,64,30,24,21,48
Uttarakhand,Pithoragarh,Prachesta-2,298,125,58,31,23,18,43
Uttarakhand,Almora,Prachesta-2,292,130,57,30,19,19,37
Uttarakhand,Uttarkashi,Prachesta-2,285,119,52,28,19,18,50
Uttarakhand,Tehri Garhwal,Prachesta-2,283,118,56,26,16,16,51
Uttarakhand,Haridwar,Prachesta-2,276,114,51,27,14,19,52
Uttarakhand,Rudraprayag,Prachesta-2,272,118,52,23,15,12,52
Uttarakhand,Udham Singh Nagar,Prachesta-2,254,94,52,27,15,19,47
West Bengal,North 24 Parganas,Prachesta-1,302,166,54,34,5,7,36
West Bengal,Kolkata,Prachesta-2,294,156,54,31,7,13,33
West Bengal,Murshidabad,Prachesta-2,288,156,55,34,5,4,34
West Bengal,Hooghly,Prachesta-2,278,145,53,35,6,7,33
West Bengal,Paschim Medinipur,Prachesta-2,278,152,52,34,5,3,31
West Bengal,Bankura,Prachesta-2,278,152,51,35,4,4,32
West Bengal,Howrah,Prachesta-2,277,147,51,33,5,7,34
West Bengal,Cooch Behar,Prachesta-2,275,136,61,38,5,3,32
West Bengal,Jhargram,Prachesta-2,275,152,51,36,5,3,29
West Bengal,Purba Medinipur,Prachesta-2,274,148,49,33,4,4,36
West Bengal,Purba Bardhaman,Prachesta-2,273,145,56,33,6,5,29
West Bengal,Nadia,Prachesta-2,264,142,49,34,4,5,30
West Bengal,South 24 Parganas,Prachesta-2,263,140,54,33,4,5,27
West Bengal,Paschim Bardhaman,Prachesta-2,262,132,54,34,5,8,29
West Bengal,Siliguri,Prachesta-2,252,127,48,32,5,10,30
West Bengal,Purulia,Prachesta-2,249,133,47,34,3,4,29
West Bengal,Malda,Prachesta-2,241,125,45,34,3,5,29
West Bengal,Birbhum,Prachesta-2,240,123,49,32,5,5,27
West Bengal,Alipurduar,Prachesta-3,236,116,45,35,3,6,30
West Bengal,Dakshin Dinajpur,Prachesta-3,233,115,47,33,4,4,29
West Bengal,Kalimpong,Prachesta-3,224,109,43,29,4,5,33
West Bengal,Darjeeling,Prachesta-3,223,118,36,28,3,6,32
West Bengal,Jalpaiguri,Prachesta-3,223,105,48,32,4,6,28
West Bengal,Uttar Dinajpur,Prachesta-3,216,101,48,33,3,5,27
